instance_names,utilizations
a100-80gb_0,0.054111115964577565
a100-80gb_1,0.02837645612248901
a100-80gb_2,0.013784116665772991
