instance_names,utilizations
a100-80gb_0,0.07254563245408235
a100-80gb_1,0.02772575845708934
