instance_names,utilizations
a100-80gb_0,0.28855075120500345
a100-80gb_1,0.03544223031618753
a100-80gb_2,0.3728395242198269
