instance_names,utilizations
a100-80gb_0,0.8017425626551844
a100-80gb_1,0.7351761235287623
