instance_names,utilizations
a100-80gb_0,0.07464472405221897
a100-80gb_1,0.052125591004405405
