instance_names,utilizations
a100-80gb_0,0.127910290912166
a100-80gb_1,0.1338916951595182
a100-80gb_0,0.17721039042464032
