instance_names,utilizations
a100-80gb_0,0.49162721638652546
a100-80gb_1,0.28367880993763317
a100-80gb_2,0.5804316470146471
