instance_names,utilizations
a100-80gb_0,0.08120579909996217
a100-80gb_1,0.4295863125580515
a100-80gb_2,0.169279947148538
