instance_names,utilizations
a100-80gb_0,0.7863415056984493
a100-80gb_1,0.708038224891709
