instance_names,utilizations
a100-80gb_0,0.19528464508790758
a100-80gb_1,0.2468907417692314
a100-80gb_1,0.2658571047087062
