instance_names,utilizations
a100-80gb_0,0.16673996008484868
a100-80gb_1,0.12844229158445086
a100-80gb_1,0.4153660046433529
