instance_names,utilizations
a100-80gb_0,0.5865706361926698
a100-80gb_1,0.48265617627111146
