instance_names,utilizations
a100-80gb_0,0.4412587923951959
a100-80gb_1,0.4787376129073668
