instance_names,utilizations
a100-80gb_0,0.8024364516339989
a100-80gb_1,0.7243076065542976
