instance_names,utilizations
a100-80gb_0,0.4406094829677537
a100-80gb_1,0.3174146155855678
