instance_names,utilizations
a100-80gb_0,0.6454855925259011
a100-80gb_1,0.3958348947765817
